[
  {
    "city": "East Rutherford, NJ",
    "country": "USA",
    "id": 1,
    "name": "MetLife Stadium",
    "stadium_id": "New York Stadium"
  },
  {
    "city": "Arlington, TX",
    "country": "USA",
    "id": 2,
    "name": "AT&T Stadium",
    "stadium_id": "Dallas Stadium"
  },
  {
    "city": "Inglewood, CA",
    "country": "USA",
    "id": 3,
    "name": "SoFi Stadium",
    "stadium_id": "Los Angeles Stadium"
  },
  {
    "city": "Miami Gardens, FL",
    "country": "USA",
    "id": 4,
    "name": "Hard Rock Stadium",
    "stadium_id": "Miami Stadium"
  },
  {
    "city": "Atlanta, GA",
    "country": "USA",
    "id": 5,
    "name": "Mercedes-Benz Stadium",
    "stadium_id": "Atlanta Stadium"
  },
  {
    "city": "Santa Clara, CA",
    "country": "USA",
    "id": 6,
    "name": "Levi's Stadium",
    "stadium_id": "San Francisco Stadium"
  },
  {
    "city": "Houston, TX",
    "country": "USA",
    "id": 7,
    "name": "NRG Stadium",
    "stadium_id": "Houston Stadium"
  },
  {
    "city": "Philadelphia, PA",
    "country": "USA",
    "id": 8,
    "name": "Lincoln Financial Field",
    "stadium_id": "Philadelphia Stadium"
  },
  {
    "city": "Foxborough, MA",
    "country": "USA",
    "id": 9,
    "name": "Gillette Stadium",
    "stadium_id": "Boston Stadium"
  },
  {
    "city": "Kansas City, MO",
    "country": "USA",
    "id": 10,
    "name": "Arrowhead Stadium",
    "stadium_id": "Kansas City Stadium"
  },
  {
    "city": "Seattle, WA",
    "country": "USA",
    "id": 11,
    "name": "Lumen Field",
    "stadium_id": "Seattle Stadium"
  },
  {
    "city": "Mexico City",
    "country": "Mexico",
    "id": 12,
    "name": "Estadio Azteca",
    "stadium_id": "Mexico City Stadium"
  },
  {
    "city": "Guadalajara",
    "country": "Mexico",
    "id": 13,
    "name": "Estadio Akron",
    "stadium_id": "Guadlajara Stadium"
  },
  {
    "city": "Monterrey",
    "country": "Mexico",
    "id": 14,
    "name": "Estadio BBVA",
    "stadium_id": "Monterrey Stadium"
  },
  {
    "city": "Toronto",
    "country": "Canada",
    "id": 15,
    "name": "BMO Field",
    "stadium_id": "Toronto Stadium"
  },
  {
    "city": "Vancouver",
    "country": "Canada",
    "id": 16,
    "name": "BC Place",
    "stadium_id": "BC Place Vancouver"
  }
]
